LUTs,Registers,BRAMs,DSPs,WNS (ns),Total Power (W),Dynamic Power (W),Static Power (W),result,Cycles,Clock Period,Frac Width,Num Parallel,Int Bits,D,H,MAE,RMSE,Execution Time (m)
83154,1909,0,2064,74.949,2.984,0.039,2.945,success,24.0,100,11,1,10,64,16,0.65342839994375,0.7975184502844838,14.423908305168151
83154,1909,0,2064,74.949,2.984,0.039,2.945,success,12.0,100,11,4,10,64,16,0.65342839994375,0.7975184502844838,14.490008000532786
83154,1909,0,2064,74.949,2.984,0.039,2.945,success,24.0,100,2,1,10,64,16,0.65342839994375,0.7975184502844838,14.401834388573965
83154,1909,0,2064,74.949,2.984,0.039,2.945,success,12.0,100,2,4,10,64,16,0.65342839994375,0.7975184502844838,14.338174378871917
