LUTs,Registers,BRAMs,DSPs,WNS (ns),Total Power (W),Dynamic Power (W),Static Power (W),result,Cycles,Clock Period,Frac Width,Num Parallel,Int Bits,D,H,MAE,RMSE,Execution Time (m)
83158,1913,0,2064,81.816,2.988,0.043,2.945,success,84.0,100,11,1,10,64,16,0.021599731202343753,0.03995080493353905,14.921009643872578
83158,1913,0,2064,81.816,2.988,0.043,2.945,success,36.0,100,11,4,10,64,16,0.021599731202343753,0.03995080493353905,14.922563111782074
83158,1913,0,2064,81.816,2.988,0.043,2.945,success,84.0,100,2,1,10,64,16,1.01006924373125,1.1574551862223066,14.935965728759765
83158,1913,0,2064,81.816,2.988,0.043,2.945,success,36.0,100,2,4,10,64,16,1.01006924373125,1.1574551862223066,14.921338538328806
