LUTs,Registers,BRAMs,DSPs,WNS (ns),Total Power (W),Dynamic Power (W),Static Power (W),result,Cycles,Clock Period,D,H,MAE,RMSE,Execution Time (m)
90097,5535,0,72,-1.542,3.609,0.652,2.956,success,4232.0,2.0,64,16,0.14113652153125,0.25434449693883876,22.746305437882743
90114,5535,0,72,-1.196,3.477,0.523,2.954,success,4232.0,2.5,64,16,0.14113652153125,0.25434449693883876,17.07108378012975
89841,5535,0,72,0.294,3.299,0.349,2.951,success,4232.0,4.0,64,16,0.14113652153125,0.25434449693883876,17.75913447936376
88719,5553,0,72,8.246,3.011,0.066,2.945,success,4232.0,20.0,64,16,0.14113652153125,0.25434449693883876,21.122363074620566
88741,5553,0,72,88.129,2.958,0.013,2.944,success,4232.0,100.0,64,16,0.14113652153125,0.25434449693883876,13.344850583871205
88720,5553,0,72,987.849,2.946,0.002,2.944,success,4232.0,1000.0,64,16,0.14113652153125,0.25434449693883876,16.81982583204905
